-0.2600241,-0.5753193,0.2607032,0.097861886,-0.42431182,-0.36636585,-0.055226892,0.38866353,-0.028647393,-0.13207856,-0.33284235,-0.361026,-0.34621423,-0.28480184,0.18863359,-0.21178834,0.14344662,0.07906476,0.16781682,-0.23309821,-0.27333185,0.13636595,-0.029325768,-0.0012982786,0.2248796,0.017998919,0.12751599,0.20996314,-0.14902735,0.0255059,0.20905052,0.22251067,0.16296786,-0.13451603,0.1007397,0.06094289,0.011810064,-0.07479481,-0.08947725,0.080690116,0.025224835,-0.08328901,-0.06431147,-0.05458355,-0.08129989,-0.048012286,0.004030861,0.06330248,0.03300567,-0.031926975,0.5857453
0.46132392,-0.1975458,-0.54233134,0.13707864,-0.27087,-0.4088232,0.41805694,-0.22156344,-0.04232326,-0.13498685,-0.20135438,0.025714427,-0.09827113,0.33164668,-0.30716288,0.057333708,0.28327763,0.1551691,-0.2870319,-0.25387353,-0.2345643,-0.05264388,0.121907234,0.08078018,-0.16731064,0.124359444,0.20531444,-0.011812121,-0.05637145,0.15256411,-0.028875738,-0.07031283,-0.05582326,-0.06608171,-0.025485069,0.035051867,0.03711711,0.017300665,0.033165663,0.005550407,-0.078369275,-0.06413013,0.012869775,-0.0075486973,-0.06846981,-0.020261958,0.035117164,0.09736983,0.038496047,-0.01726887,-0.7009336
0.2012806,0.24882108,0.549945,0.12901103,-0.047741324,-0.08029881,-0.05148408,0.2532425,-0.10566592,0.41097587,0.030266702,-0.39737067,-0.3796908,-0.17592774,-0.15534087,0.3393132,0.06718409,-0.19288534,0.25980577,-0.20329821,0.27618924,-0.24878596,-0.12792934,-0.020985663,-0.20163059,-0.17055953,0.12048285,0.18001324,-0.11018159,0.04367581,0.10159524,-0.024344623,-0.073253185,0.15218031,0.0059387535,0.05289939,0.061268628,0.13873598,0.0051492825,0.011031523,0.08888435,-0.06864019,0.063987345,-0.019205928,-0.063517064,0.02143886,0.015541859,-0.057030365,0.03841594,-0.053751335,-0.1963604
0.22259265,0.23370683,-0.16910008,0.38567787,-0.013734281,0.063759685,-0.34030145,0.006651312,0.045452446,-0.40635145,-0.31682903,0.32324567,-0.14102453,0.2430054,-0.33134803,0.1361584,0.12708429,0.2910247,-0.27136898,-0.25275022,0.20378393,-0.22175868,0.13353395,0.09746811,0.24032271,-0.09143385,-0.09929271,0.16675013,0.03938791,-0.026167497,-0.11793497,-0.09364316,0.009876415,0.17332941,-0.16650365,-0.16125178,0.07637201,0.10569751,0.061942533,0.06087765,-0.0690646,0.10684761,-0.040571067,-0.074914604,-0.0185944,-0.009504925,0.037605137,0.00782308,0.06262358,0.040875398,0.46384415
0.13032633,0.6227648,-0.33633736,0.37559462,-0.29248887,0.3798129,-0.39336765,0.16585845,0.13880822,0.07659626,0.37603983,-0.353699,-3.7413836E-4,-0.35036996,0.23295525,-0.025081038,0.017544955,-0.32173187,-0.24854314,0.26301312,0.097081006,0.18495876,0.12490538,0.141552,-0.21138856,-0.22301634,-0.024998441,0.012142241,0.043286443,0.1956402,-0.16834223,0.19031057,0.115131855,-0.048418447,0.11645593,-0.11307907,-0.14282744,-0.076554246,0.012803264,-0.054046504,-0.039006464,0.022321366,-0.011924475,0.047004506,0.031187952,-0.0030696467,-0.08342872,-0.024401315,-0.022363178,0.038116083,0.70132387
-0.5140415,0.27208376,-0.5690733,0.49701077,0.50176805,-0.29782972,-0.01401934,-0.3488137,0.3346059,0.37741268,-7.033348E-5,-0.15801838,0.2438589,-0.06996685,-0.0053679347,-0.11222611,-0.22179973,0.13283834,-0.2797624,0.17059883,0.21284091,-0.108934164,0.13691187,-0.1257721,-0.11670122,-0.12115609,0.05511363,-0.109324515,-0.08162874,0.030960828,0.16094802,-0.07232009,0.1545924,-0.09844295,0.06643981,0.17466626,0.16811813,0.13764095,0.037185192,-0.016908757,-0.017387144,0.045441963,-0.04060498,-0.0052966177,0.033300236,-0.022237886,0.07891181,0.023718484,0.030740395,0.049526505,0.6398239
0.4081686,0.62987053,-0.50248754,0.08802885,-0.34983397,0.17737275,0.14425352,0.13823885,-0.129991,-0.046396196,-0.30409876,0.06896171,-0.023340642,-0.36834133,-0.32140923,0.07192692,0.12189078,0.14687061,0.03104946,0.006368071,-0.11222097,-0.09421782,0.027135044,0.20374945,-0.1860464,0.19292219,-0.1842022,-0.058049276,0.06657651,0.12173697,-0.10370339,0.02427587,0.1604737,0.07459843,0.019242197,-0.09598456,-0.036178187,0.09756738,0.013921373,0.07174981,0.12619717,0.11195282,-0.040940847,0.033171833,0.04552409,0.010348372,0.052243963,0.09765794,-0.0155650005,-0.02941114,-0.47537544
0.21265638,0.30885708,0.40334874,-0.3354869,0.24977273,0.1769703,0.41446373,-0.19374385,0.21895495,0.35913968,0.12538186,0.09567836,0.03986752,-0.020505816,-0.26774114,0.27911192,-0.06379688,-0.06333628,-0.0077147484,0.010099232,0.036176354,0.19739282,-0.19290802,-0.11178814,-0.2326787,-0.20012324,-0.060786724,0.020406932,-0.13476762,-0.0038116276,-0.14529577,-0.20185669,-0.15188539,0.114495546,-0.1465342,0.10058245,0.0046432465,-0.10313487,0.056109503,0.007042438,0.04434809,-0.017483532,-0.033961654,0.091086015,0.09131576,0.03313341,0.06321563,0.04426595,-0.032244496,-0.0067646354,-0.6489045
0.3667227,0.5766009,0.3960752,0.4930455,0.08855969,-0.13380554,-0.3391797,-0.178087,0.21486822,0.3076505,0.1937125,0.35887328,-0.08774248,-0.019901633,-0.2894602,0.3375951,-0.24255201,-0.1975658,-0.2474708,0.037745982,0.10775021,0.22874716,0.11364061,-0.16653025,-0.012877226,-0.13111931,0.067083046,0.13090712,0.06876001,0.09395328,-0.14942299,0.0541476,0.050403655,-0.09346715,-0.1589618,-0.047557786,0.0828702,0.0071777552,4.8100948E-4,0.09179698,0.07086383,-0.08290665,-0.03809429,-0.0075624287,-0.0700993,0.021017365,0.06398952,0.014065616,-0.05622232,-0.037574757,0.4589935
0.16244668,-0.47867358,-0.10976043,-0.14165652,-0.19372141,-0.34553856,-0.3750172,0.42275977,-0.24358797,0.21144152,0.30065253,0.438405,0.23878738,0.3563357,-0.27885082,0.09683126,0.1611684,0.31466094,-0.23616797,0.07509157,0.21651223,-0.21010524,-0.014114574,0.14615765,0.18396586,0.028445795,-0.089233905,-0.033741683,-0.093721114,0.22099558,0.065791205,-0.19202693,-0.042577505,0.0174838,-0.049900845,0.14481309,0.15262969,-0.09147101,-0.08822924,-0.08631125,-0.007812619,0.04563161,-0.05190006,0.074746475,0.0077546984,0.042052582,-0.006970912,0.021239363,0.05938568,-0.026781108,-0.5444251
-0.17482951,-0.4315961,-0.14557084,0.35901815,-0.0651339,0.060019255,-0.12880868,-0.23591352,-0.0643872,0.29129416,-0.2666139,0.06470266,0.27300033,-0.092831075,0.22605464,-0.2556209,-0.14040674,-0.028553724,-0.28102785,-0.06317437,0.2582611,-0.07928382,-0.16265179,-0.025431484,0.20038146,0.024592414,0.12601759,-0.10169648,0.124227166,0.051706493,0.16605408,0.14790171,-0.16459931,0.1321933,0.027359381,-0.0051291436,-0.10109587,0.11164433,-0.014032058,-0.104108304,0.027429283,-0.0056732893,0.027109914,0.09784259,-0.0070150346,-0.054996904,-0.028761223,0.008919075,-0.041582175,-0.014956411,-0.54309714
0.35359728,-0.38336408,-0.17292914,-0.31869698,0.22442478,0.14570051,0.3276827,-0.2526458,-0.12491834,-0.27044564,0.40763155,0.0056755543,0.24975303,0.11849818,0.0052461326,0.32812828,0.20430398,-0.28221068,-0.14859608,-0.26366565,-0.21865216,-0.2604904,-0.06857312,0.2433036,-0.06876297,-0.0998352,-0.13144274,0.25968832,-0.20343585,-0.055729,-0.20611791,0.15522975,0.013592318,0.18060502,-0.09237372,0.090646535,0.09964545,-0.058254957,-0.10595346,0.07721245,-0.032338694,0.041974597,0.06985283,0.021977216,-0.033832107,-0.0019614995,-0.026021138,-0.07887691,-0.03472709,0.024276353,0.58052677
0.575208,0.36454642,0.4799732,0.3896407,-0.46585137,0.12239683,-0.34854123,-0.03345567,0.11044434,-0.036521524,0.024690658,-0.065479785,0.26261243,0.33958972,-0.2947229,-0.10511556,-0.0808731,0.059078366,0.18107605,-0.15483236,-0.2753935,-0.08060841,-0.058789268,-0.1822859,0.13966557,0.22163205,0.038837418,-0.19385794,0.17602068,-0.15910387,0.0986961,-0.21291807,0.048414424,-0.03985502,-0.13968216,-0.06478746,0.008575812,-0.09438108,4.4050068E-4,0.0903029,0.12578242,0.026717804,-0.029957928,0.096956596,0.0629534,-0.040787116,0.02818545,0.039988466,0.0522144,0.03463515,-0.46227497
-0.43058807,0.41280484,0.12179083,-0.17182848,0.10353476,-0.25192013,0.09728238,-0.41973346,-0.20552136,-0.06899831,-0.028884053,0.28986308,-0.09513974,-0.047723353,0.01229468,0.17552412,-0.13507496,0.2626963,-0.060825095,-0.11314696,0.04929194,0.11615729,0.04977104,-0.17272556,0.13339368,-0.18042724,-0.04515119,0.020804405,0.15601438,0.03661695,-0.005148202,-0.21411362,0.14353535,0.06997234,-0.12506804,-0.07387587,0.025257811,0.12647185,0.05549872,-0.10146485,0.05418545,0.067944966,-0.0700267,0.07907735,-0.03949919,-0.026134342,0.05600232,0.015076004,-0.033774573,-0.061770003,0.48899877
0.51233894,-0.21593839,-0.03205788,0.10978985,-0.10742268,-0.3724292,-0.2823148,0.39541942,0.17181447,-0.22992195,-0.09688568,0.35074136,0.2816191,-0.04350522,-0.18677306,0.3123247,0.20069635,0.06832954,-0.1270228,-0.112193584,-0.106567726,0.23774502,0.17356342,0.080645055,0.1944719,-0.191798,0.10483007,-0.014176711,0.06741968,0.08641747,0.0697376,-0.20892823,0.14657226,0.09027687,0.11594723,0.14919269,0.0029200763,0.04361704,0.041783467,0.08128695,-0.084383324,0.096354224,0.06794652,-0.0054840147,-0.041662037,-0.0027061477,0.05348003,-0.019875698,-0.046226826,0.05974886,0.4595909
-0.33143055,-0.4068997,0.17405945,-0.45474663,-0.41956115,0.4331674,0.3799949,-0.29374605,-0.2489157,-0.026234686,0.27361217,-0.0711647,-0.017537266,-0.12907481,0.32803425,0.11747894,-0.27408242,0.29564354,0.09816164,-0.2676972,0.24572518,-0.24842033,0.17517632,0.13758862,0.17526662,0.007013157,-0.15309769,-0.12541148,0.11681318,-0.095357314,0.14726837,0.2176728,0.10892412,0.06559375,0.12792148,-0.09001495,0.08952887,0.06186141,0.008202635,0.027567953,0.042135894,-0.10615694,-0.0640652,-0.0041900575,0.078661054,0.018894017,0.04384494,0.045202352,3.657639E-4,-0.06121604,0.60758996
-0.02493608,0.41281188,0.49316335,-0.3480061,-0.04232189,-0.33695647,0.31585744,-0.3828455,0.31206164,-0.08923972,0.16975692,0.02650246,-0.09758675,-0.24105024,0.18574765,-0.13047238,0.16770601,0.1214236,0.19696721,0.107498676,0.01681301,0.056669503,-0.087171644,0.11619404,0.18625414,0.20706727,0.19050269,-0.0554616,0.015111491,-0.182214,0.116126284,0.0320504,0.019255742,-0.116488464,-0.13838215,0.07541937,0.0678685,-0.1514476,0.102518454,-0.054952577,0.08132343,-0.016708836,0.022779487,-0.09365632,-0.020285636,-5.0511956E-4,0.010633141,0.04422649,-0.026955761,0.0016714036,-0.26470914
0.28621107,-0.61974764,0.01023221,-0.031961262,0.24378514,-0.15975171,0.33733144,-0.19359022,0.07971579,0.18659377,-0.04684007,-0.32669705,-0.18019834,-0.27780622,0.1606555,0.3271805,0.2306261,0.3009363,-0.28798842,0.2102955,-0.2181657,-0.122042015,0.23030218,0.013425559,0.17909381,0.01545693,-0.023275882,-0.089609414,0.019378617,-0.088195264,-0.17351934,0.1266537,-0.07501586,-0.07978107,-0.13109961,-0.18601407,-0.07062095,-0.089954816,0.07731585,0.059571475,0.11910541,-0.11009355,-0.07610721,-0.07041244,0.063213974,0.04776323,0.044512957,0.08060975,-0.02506879,-0.025678072,-0.4092092
-0.36996692,0.50859976,0.4957391,0.4467088,-0.44010597,0.4794439,0.13107362,-0.24461792,-0.34994763,-0.22036682,-0.063232124,0.4002761,-0.33499676,-0.25963882,0.31128863,0.16120702,0.28300065,-0.04430574,0.22506604,0.24174535,0.059238464,0.019976497,-0.1629352,0.2776745,0.022461742,-0.072000876,0.20233767,0.078899175,-0.16397923,0.23332196,-0.16817637,-0.13028981,-0.043326497,0.13791421,-0.16055022,-0.10019401,0.04044576,0.116620004,0.00779362,-0.09196138,-0.095334455,-0.10739047,0.026596054,-0.08145076,0.0018182024,0.04924179,0.05721028,0.031111456,0.03178107,-0.006222829,0.78255075
-0.28516263,-0.16722074,-0.039178133,0.17769742,-0.397675,-0.4127562,-0.31753772,-0.16355404,0.29290536,0.07702494,-0.008144766,0.45753768,0.009890825,0.0023198426,-0.25657922,0.32724422,0.10039052,-0.18261562,0.0553284,-0.2385878,0.07711059,0.26309875,-0.07671729,0.047480553,0.0947274,0.03460662,0.053089038,-8.0648065E-4,-0.14029774,-0.06349972,0.19395252,0.06969017,0.06559424,0.08563149,0.099136576,-0.18735753,-0.15550596,-0.08798504,-0.048337825,0.023644507,0.119813174,-0.08246386,0.0368779,0.042533845,0.030973628,-0.044072494,-0.013596088,-0.061085667,0.031716377,-0.013167918,0.3418686
-0.22546035,-0.4726323,-0.51404506,-0.24411741,0.058682084,0.04607451,-0.33172747,0.37891018,-0.21397099,0.14306688,-0.3178988,0.23056468,0.0092431605,0.03441322,0.26476178,-0.13248828,-0.20216566,0.04353687,-0.27616146,-0.15299617,0.2037405,-0.006180048,0.08875558,-0.082956344,0.20747882,-0.105756626,0.10844265,0.10616228,-0.15728477,-0.02007711,-0.21052547,-0.12923968,-0.104574785,-0.0133731365,0.037029207,0.11296609,0.008368507,-0.010483727,0.04301803,-0.08222167,0.084395796,0.05196803,-0.01597508,0.062399805,0.031363025,0.0057674497,-0.08325015,0.08282565,0.0061602145,-0.0073656403,0.3605361
0.08013278,-0.57451415,-0.13628477,0.4663133,0.32102573,0.44910896,0.4279137,0.066782415,-0.22023171,0.19018584,-0.30591768,-0.42285937,-0.36902007,-0.021776706,-0.08079395,-0.055601925,0.10224068,-0.037231386,-0.2665247,0.12460554,-0.118156835,0.12967294,-0.097371414,0.17466709,0.06425539,0.17402874,0.03102015,-0.22205572,0.08921048,-0.009074748,-0.12612325,-0.21173126,-0.047114253,0.14833722,0.12675355,-0.09867075,-0.09032386,-0.017247409,-0.046555746,-0.08447738,0.073529676,0.053307958,0.06153719,0.09250268,-0.030153543,0.028137922,-0.027438298,-0.023186475,-0.038068842,-0.053186744,-0.6070081
0.4411853,-0.27856323,-0.20313454,0.18347889,0.512629,0.034176767,0.20898178,-0.33266827,-0.37197328,-0.22257777,0.037782162,0.41522738,0.1523402,0.071641386,0.08168006,-0.32000327,-0.29333168,0.089147955,-0.27061504,-0.31094137,-0.23618558,0.15640351,0.15119296,-0.028777584,-0.23932226,-0.12704004,0.06369646,-0.035610974,-0.0027492642,-0.118902005,0.100018546,0.0553903,0.02979073,-0.117803596,0.017011002,0.050804824,0.081043735,-0.018490717,-0.038162857,-0.028247476,0.020433351,0.090577476,0.039912336,0.009123281,-0.032028086,-0.018700037,-0.07699774,0.08323748,-0.037633516,-0.030446682,-0.59699565
0.5646171,0.20721954,0.44989908,-0.10978675,0.13734919,-0.35080245,0.41457173,0.081252754,-0.22960867,0.3246222,0.0042426884,-0.37747768,0.28567526,0.26089448,0.13377133,0.10187402,-0.055122286,0.28717932,-0.24416417,0.18985873,0.024980068,-0.27614418,-0.11710571,-0.06330122,0.12436491,-0.058320805,0.20834781,-0.11617799,-0.036431298,-0.05328825,-0.10248006,0.13947615,-0.05139523,0.17727923,-0.15977626,-0.139765,0.07722138,-0.12761356,0.04964821,-0.0021656305,0.05819492,0.061047398,-0.023652744,-0.0022556558,-0.06485734,0.052095182,0.07360138,-0.09257579,-0.015609592,0.025746532,-0.36104316
0.44671506,-0.582286,0.25304615,0.28989112,-0.43828186,-0.07799241,0.068389505,-0.0973402,-0.03909561,0.2632867,-0.21247242,-0.15829676,-0.05473715,0.055400938,0.2917876,0.048007697,0.20640618,0.20139256,0.14941496,0.19718951,0.1905585,0.12257147,0.07200217,0.07404208,-0.08841008,-0.17211647,-0.013134882,0.015335888,0.11982939,0.22125271,0.06705423,0.020934314,-0.11938046,0.18461573,0.1332045,0.09804627,-0.16072159,-0.10300255,0.01946652,0.056351513,-0.06801058,-0.0024428368,-0.01997282,0.021251388,-0.071860865,0.05295688,-0.06797027,-0.056754,0.036612615,-0.043770134,0.5429455
-0.15299761,0.5395709,0.56081116,0.017471015,-0.4022097,0.46449816,0.114385635,0.16623253,-0.09289986,-0.35772204,0.2905971,0.32870194,0.17156741,0.17447674,-0.034925878,0.07460165,-0.09529185,0.2872341,0.27448812,0.029290974,-0.12901528,0.09025884,0.09393528,0.17829168,-0.19994599,-0.11863949,-0.22350603,-0.21600473,0.06551254,0.20581236,0.1748318,0.19354957,-0.14174873,0.037453756,-0.08014001,-0.13154794,0.05532682,-0.022765368,-0.071888365,-0.019009627,-0.08767883,-0.08406012,0.038312152,0.07845071,-0.0824303,0.0010447726,-0.021047972,-0.056036834,-0.034205876,0.0036455467,0.67762315
0.57480544,-0.57430804,0.0029614568,0.52036697,0.2307759,0.42333442,-0.38248202,-0.40980095,-0.14425775,-0.24932387,0.24765393,-0.120171964,-0.28415117,0.08917156,-0.013065755,0.28861755,0.22067416,-0.25386328,-0.03571841,-0.31149048,0.022760242,-0.2627675,-0.2532713,-0.047519177,-0.2399036,0.106854245,-0.069480434,0.22303975,0.09635225,0.18903339,0.081698254,0.08744457,0.10044211,0.13462189,0.15312596,-0.043342277,0.10128878,-0.120946065,-0.004868947,-0.07615254,-0.089422435,-0.060729004,0.0723131,0.09780976,0.04248172,0.0566883,0.039866388,0.0999066,-0.011076678,0.034008726,-0.50782406
0.45339912,0.40512633,-0.028873026,-0.07401532,0.38979244,0.31438333,0.1299524,0.42985964,0.3389633,0.42933244,0.18972978,0.25517574,0.1082364,0.15595978,0.30269954,-0.32738233,0.2949341,0.14861855,-0.09384453,0.2829163,0.14184394,0.24053356,-0.027875125,-0.12322155,-0.19487147,-0.12845077,-0.18900853,0.041494638,-0.13361831,-0.013643131,0.005936414,0.22077167,-0.057446137,0.14077881,0.11111711,0.14273414,0.030990496,0.150794,0.048703656,-0.022289835,0.011001244,0.029720329,0.017484747,-0.028510638,-0.0016942993,0.05949586,-0.032633938,-0.0088771805,0.0136292055,-0.024670716,-0.6254998
0.038375497,-0.22908461,0.4321785,-0.4175209,-0.44831565,0.39276385,0.39021704,0.3087228,-0.042197824,-0.43123502,-0.4418015,0.44542488,-0.22820622,0.29641604,0.16940948,0.034242332,0.25370407,0.11397824,-0.13656677,-0.205807,0.0907518,-0.19899318,-0.07552326,-0.23028037,-0.21987979,0.053008035,0.13157098,-0.12592815,-0.029414326,0.17623544,0.20989038,-0.014214203,-0.07027525,0.045113787,0.1320547,0.1541791,0.12506752,-0.10157381,-0.10199864,-0.10130793,-0.039173163,-0.08940974,-0.045653116,-0.072350994,0.01045879,0.044434354,-0.011478186,-0.016215049,-0.011265408,-0.028873134,0.35658783
0.34244895,0.24389768,0.5523571,0.07864827,0.06824255,-0.4953493,0.4286665,0.3231097,-0.065598786,-0.09528476,0.05510232,0.42449805,-0.30661154,-0.25368166,-0.3077242,0.19660342,-0.012775004,0.18363139,0.24429646,-0.05236554,-0.14647748,-0.23872362,-0.0743411,0.085693926,0.15645179,-0.1430844,0.048786297,0.1027115,-0.055396795,0.16502994,0.17506908,-0.117576525,-0.12926216,0.12822324,-0.05104918,0.011219144,0.061253726,0.094590485,0.0064307824,0.06457403,0.0017901063,0.05859638,-0.055583417,0.06716396,-0.04040463,0.058261268,-0.03033214,0.022290342,-0.04646926,-5.733967E-4,-0.38580078
-0.25078863,-0.13850838,0.2874363,0.35175365,-0.05924532,-0.08993679,0.15264973,0.33972186,0.13692585,0.39740998,-0.11067319,-0.45181537,-0.09651089,-0.01455611,0.27615473,0.12485176,0.085749924,0.1394819,0.05543661,-0.025639117,-0.22513798,0.23747578,0.046509832,-0.14054437,-0.09049001,0.2041115,0.12109096,0.009560734,-0.12357693,-0.1770862,0.0659527,-0.0865175,0.129518,0.05819434,0.016247585,0.0057721734,0.16797791,-0.026706457,-0.053376257,0.06878519,0.09266794,-0.0592663,0.035208374,0.053779706,0.052294225,-0.062904045,0.03582512,0.048762016,-0.017824177,-0.06094292,0.3148047
0.4917137,0.011904836,-0.22236466,0.2107436,-0.13871309,-0.14354557,-0.14353877,-0.09939182,-0.26735306,0.09866059,-0.4317377,-0.07016042,-0.35689825,0.1834802,-0.068249226,-0.22141859,-0.31553602,0.12969148,-0.2144525,0.1979959,-0.16641629,-0.23689514,0.221106,0.21052626,0.22951901,0.13626365,0.13719709,0.2221173,-0.079808265,0.15186006,0.09716757,-0.21602738,0.06270188,-0.15152799,-0.1315195,-0.07161432,-0.14480975,0.104893446,0.07506855,-0.08075857,-0.073171236,0.07998007,-0.058840156,0.07245928,-0.014677957,-0.050507493,0.033705585,0.09326526,0.054762296,-0.043050352,-0.34847465
0.5444004,-0.37976664,0.3942396,0.22024637,-0.057981074,0.3299209,-0.3675418,0.24448669,0.24407122,0.091413915,-0.07441649,-0.16924557,-0.18904617,-0.3531699,-0.22352234,0.046623558,-0.13399276,-0.33606622,0.081342906,-0.081140384,-0.09878935,0.05004421,-0.029292941,-0.12155843,0.007918298,-0.029692382,0.124930516,-0.112231776,-0.07579015,-0.075124666,0.19176458,0.056842923,0.05999677,-0.043898538,-0.043074936,-0.0374247,0.15905185,-0.12382155,-0.030963026,0.029358014,-0.059867144,0.07544408,0.052390322,-0.084594056,-0.018535204,0.01972808,-0.032028116,0.025041066,0.057418935,-0.025568489,-0.34596324
0.2865247,0.5926055,0.24748576,-0.41258234,-0.060845166,0.43729973,0.28278956,0.21650594,0.28212485,0.27537066,-0.24815975,0.09869376,0.17960295,0.03452742,-0.19607657,0.27661896,0.049896598,0.11215153,0.25540635,-0.09575863,0.006475508,-0.22624806,-0.24055967,0.27541167,0.072329104,-0.17659207,-0.106324054,-0.037215546,0.18427843,0.056480825,0.14165826,-0.18331943,-0.033641353,0.072650075,0.009814858,0.086771965,-0.0602419,-0.038132034,0.033094496,-0.054420136,-0.08100871,-0.07769966,-0.06353068,-0.011579029,0.016518548,-0.044887036,0.015743077,0.07541036,-0.064407855,-0.02295193,-0.53341675
-0.06862509,-0.47172433,-0.22591236,-0.16786933,0.15670073,-0.013182819,0.1713635,-0.08650705,-0.24444081,0.103100955,-0.29391015,-0.1872569,-0.16108346,-0.09834343,0.12868556,-0.009049177,0.26671797,0.026153803,-0.26335254,-0.28145313,0.0690791,-0.06926733,0.025786608,-0.05116871,0.09811294,-0.17473634,0.048319593,-0.010182142,-0.058298573,-0.007108003,-0.032174543,-0.1450065,0.0288091,0.01246202,0.033349082,-0.06832164,-0.13082607,0.013560623,-0.005599901,-0.015330352,0.121657595,-0.107239194,0.07568331,-0.0021016598,-0.021228373,-0.013783909,0.07984859,-0.08270189,-0.026834518,-0.04649604,0.29457557
-0.44530767,0.42926311,0.26783967,-0.46663576,0.4428969,-0.3073581,0.19490716,-0.19063994,0.07340592,-0.28356135,-0.12482524,-0.2759227,0.14578417,-0.026647598,0.011523545,-0.23788738,-0.033356458,-0.03967786,-0.069774866,-0.0705789,0.24356899,0.07956123,0.17054418,0.08786249,0.17126873,0.07712911,0.031265184,-0.008039981,-0.025381505,-0.14453614,-0.106033936,0.040459067,-0.05650273,0.14104512,0.0091783255,-0.1881805,0.118642375,-0.11439523,0.017786354,-0.08588974,0.029484555,0.03838501,0.020212337,-0.013343126,-0.07815764,-0.06609307,0.08379446,-0.1048214,0.02044563,-0.06604885,-0.53582907
-0.09698719,-0.57069266,-0.15052173,0.30192393,-0.23920998,0.3671255,0.016744405,0.2783659,0.2212424,-0.29351342,0.428835,-0.31323355,-0.311853,-0.31364134,0.15430325,-0.31255215,-0.11333002,-0.2456649,0.20173529,0.09884402,-0.09945269,0.15675163,-0.14153945,0.26230413,0.08975202,-0.13551089,0.18054546,-0.20075762,0.18979093,0.08400655,0.20851003,0.15237966,0.10582855,-0.17810561,0.13821955,0.10813576,-0.10063803,-0.12980846,-0.073597565,-0.014070213,-0.0810758,6.907955E-4,-0.07312287,-0.083407566,0.059659556,0.02317886,-0.0038532093,-0.08398348,-0.003592372,0.060991213,-0.7406867
0.47386354,0.51500773,0.4856007,0.026485622,-0.08594218,-0.33012778,-0.24544775,-0.29667926,-0.36721277,-0.04652238,0.3789024,0.21775195,0.36439952,-0.29012522,0.25037733,-0.33310676,0.023175001,0.30191025,-0.18680865,0.082959324,0.23777393,0.039204955,-0.0081421435,0.26071477,-0.01003404,-0.036990047,0.15928082,0.09714249,-0.20366578,-0.21813576,-0.1747277,0.079624355,0.15937266,-0.16472133,-0.14549409,0.09218803,-0.0014547706,-0.11064566,-0.09786773,0.0037069991,0.0054631233,0.10298317,-0.0640859,-0.06629388,-0.01917462,0.068132065,-0.04526525,-0.08928145,-0.033042055,-0.019450203,0.84550107
0.368986,0.5776881,-0.036143363,-0.4512226,-0.31516594,-0.06575742,0.37640414,-0.3066393,0.3045102,0.30162096,-0.40552112,0.26343015,-0.16126992,-0.102710456,-0.019296885,0.12711433,0.2296679,0.16582927,-0.22077066,0.14891794,-0.15983182,-0.14175673,-0.09440717,0.27490288,-0.058736965,-0.06669667,-8.5541606E-4,-0.11162172,0.20773104,0.047636062,-0.14287089,0.11925015,0.1477049,-0.068175584,-0.065933384,-0.047987938,-0.095045194,0.047917783,-0.104609,0.048611253,-0.0024576485,0.080830194,-0.043004468,0.056796804,0.050832987,0.026012018,0.031549767,0.09851029,0.06233602,0.021804802,0.35327408
0.16019922,-0.34821334,0.1354273,-0.3844852,0.4080454,-0.17168051,-0.082672924,-0.19562265,0.3146412,0.09127027,0.19274566,0.3336278,-0.17898047,-0.14269112,0.10027045,-0.34024155,-0.079327255,-0.22262372,-0.03232315,0.19097573,0.10488689,0.21308726,-0.24878566,-0.2628139,0.091628015,-0.1328722,0.20723109,0.20943737,-0.10830308,-0.018879324,-0.13723993,-0.14773524,0.06345102,0.019300237,0.057944223,-0.016739085,-0.0047371984,-0.013152778,0.0014035255,-0.019453093,-0.096968815,0.023902126,0.029370077,-0.040216424,0.038833678,0.044857644,-0.050592363,-0.014802985,-0.019470967,-0.063787356,0.6319164
-0.43963242,-0.45575884,-0.27068585,-0.042581826,-0.41163036,-0.3400681,-0.40665036,-0.07197878,0.37041816,-0.14859018,-0.31355605,0.039786547,0.26552913,0.14498556,-0.28204376,-0.25422812,-0.3285908,-0.24817723,0.28671798,-0.0087145865,-0.15701891,0.04904914,-0.05553983,0.11254862,-0.03277178,-0.08943474,0.06930025,-0.020534635,0.18469405,0.02182725,-0.07693875,-0.13049525,0.15014535,0.040159658,0.15494128,-0.17450282,0.08262177,-0.019594207,0.030535087,-0.0056471527,-0.083960325,0.039477177,0.020756692,-0.039687138,-0.04205198,0.013188064,0.0035454854,0.09612661,-0.046179812,-0.014498826,0.66450214
-0.44278106,0.13317955,0.43225765,0.47332484,-0.122674584,-0.17642146,-0.050296098,-0.24844883,-0.1549694,-0.17830896,-0.45202404,-0.14367709,0.10341957,0.1503064,0.06816417,-0.23528555,-0.029491723,-0.12426914,0.27340624,-0.1385235,0.015998632,-0.25243908,-0.044676393,-0.08859384,-0.008515537,0.21767469,-0.21192464,0.03688261,0.016544834,-0.04333076,-0.10962611,0.16576746,-0.060424842,-0.18297487,-0.014697626,0.05838807,0.13827725,0.1396783,0.10028909,-0.097110584,0.10995646,0.10554474,-0.029051945,0.027757838,0.05276452,0.068870105,0.019778892,0.04841862,-0.06584685,-0.037049063,-0.2889832
-0.550368,-0.031911373,0.09281427,-0.2816431,0.24313003,0.481695,-0.20530088,0.11862087,-0.066895396,-0.06000945,-0.16368744,-0.2761642,-0.17929864,0.26969332,0.10266873,0.20592177,0.317389,0.06699762,0.12013018,-0.255931,-0.22620225,-0.22375336,0.25472978,0.2435509,-0.23952699,0.049909487,0.13489802,-0.12852062,0.1019468,-0.05496998,-0.12080402,-0.19702657,-0.013124064,0.09148574,-0.0014633089,0.039895922,0.1434335,0.13699752,-0.015407428,-0.038585335,-0.06274883,0.062190913,0.037283897,-0.07586896,-0.07067386,0.053066455,0.033085257,0.0074900165,0.017316468,-0.025229223,0.33675435
0.4392832,-0.34742826,-0.1406576,-0.3812027,-0.40310764,0.11884385,-0.2980358,-0.18360817,-0.12426543,0.3079561,0.15714386,0.24155048,0.0070500076,-0.033602536,0.2565517,-0.08455202,0.046400905,-0.25275037,-0.26422074,-0.0809757,-0.117279425,-0.23916551,0.21583214,-0.0755963,0.12176514,0.22190948,0.022274867,-0.11229138,-0.20703714,-0.020646453,-0.061760515,0.07058543,-0.023040012,0.14134598,-0.14526708,0.05453211,-0.091801636,0.092407584,-0.09287951,-0.016766809,-0.029408805,-0.060994297,-0.05952295,0.097004354,-0.042671163,-0.06820792,-0.03980331,0.012141965,-0.006401472,-0.042820163,-0.44465023
0.15549445,-0.08932227,-0.30146304,0.29630685,0.31562817,-0.30116212,0.076891035,-0.3684013,-0.016340703,0.30005074,-0.08237013,0.2860107,0.287742,-0.21038485,0.30128053,0.30022287,-0.17304651,-0.09880257,0.24626192,0.23511326,-0.261149,0.2683693,-0.08061686,0.07238346,-0.1805448,-0.1295151,0.07945128,-0.024270698,-0.08685149,-0.2128051,-0.094736844,0.1511592,-0.049063355,-0.18698026,-0.057337187,-0.19044445,0.15670414,0.14574045,-0.095895246,-0.07984148,-0.106500946,0.05326242,-0.020939395,-0.04307655,0.06504156,0.05584409,-0.0329499,0.030215688,0.05851286,0.06204118,-0.52165115
0.018195748,0.1258719,0.5288086,0.27169615,-0.34011012,-0.3129706,-0.24452102,-0.43175414,-0.3487832,-0.22289254,0.116227,-0.44775805,0.30029085,0.08529237,-0.13151889,-0.3218971,0.017466903,-0.14997275,-0.17179132,-0.017314851,0.2352573,0.08131346,0.032123327,0.12828282,0.22144976,0.025593773,-0.17565075,0.015853196,-0.10313116,0.12980843,0.090909645,-0.056986257,-0.023169577,0.07976827,0.0688106,-0.18364958,0.11912997,0.08395864,-0.037051506,-0.09579764,-0.0054340884,0.0919778,-0.04904045,0.017312355,0.010053322,0.06905163,-0.05938098,0.0021132752,-0.06598942,-0.03605061,0.38906273
0.07789016,-0.50404596,-0.56808686,0.32581812,-0.31376764,0.290995,-0.24945849,-0.0016005039,0.35209265,0.2946223,0.23385534,0.14381066,0.16925827,0.19650203,-0.25877768,-0.12609613,0.16711634,0.232281,3.887415E-4,0.31040078,-0.26803878,-0.23163271,-0.1553673,-0.15700713,-0.031555876,0.1916614,-0.13359183,-0.03018865,-0.1958462,-0.020274684,-0.18183972,0.150704,-0.106821686,0.035136655,-0.06527589,-0.04028009,-0.04425244,0.01677528,-0.096387416,0.04191616,0.08370425,0.044109873,-0.051796317,0.09087218,-0.03214646,-0.021712653,-0.055976663,-0.06341027,0.04670179,-0.059737775,-0.5447217
-0.114326656,-0.05528307,0.51699615,-0.16066048,0.3030026,-0.019039303,0.13586345,0.1360389,-0.17704526,-0.41747287,-0.4327328,-0.4629,0.028578162,0.0659686,-0.29987657,1.5982985E-4,-0.26064646,-0.19074053,0.2706311,-0.29301128,0.06647733,-0.074996516,0.09118712,-0.22492155,0.061944008,0.036268994,-0.008837715,0.19419137,0.13924927,-0.055373177,-0.16400675,-0.07500498,0.115701675,-0.08864534,-0.12088707,0.021883473,0.10921727,-0.1435365,0.095338985,-0.010266587,-0.06506401,-0.067521185,0.019045055,0.04769954,0.0101786405,-0.022342991,-0.08863737,0.08775378,-0.036556747,0.020463817,0.6622144
0.47552103,0.22308218,-0.43088472,-0.14929944,0.37934637,0.32543284,-0.15914375,-0.11942682,0.2126914,0.17687827,0.31597868,0.06626108,0.043264925,0.028007656,0.24208567,0.044336557,-0.17014237,-0.020213127,-0.24811246,-0.28024933,0.18681136,-0.14414664,0.19098252,-0.17345111,-0.16780296,-0.05785948,0.033162907,-0.063863665,-0.19942403,0.09484142,-0.17592648,0.073530525,0.003066495,0.080046415,0.1527531,0.0028191358,0.051292628,0.13759056,-0.032016702,-0.07437591,-0.119450204,1.3979524E-4,-0.005087778,0.045041487,0.05628924,-0.017253466,0.03520354,-0.06652161,-0.047206517,0.039083622,0.65889096
0.45910722,-0.51373625,-0.41249976,0.10138255,0.17998546,-0.27323854,-0.4149304,0.32665604,0.36942533,-0.18201417,0.20438358,-0.3597675,-0.11720306,-0.019068241,-0.13962464,0.33920574,0.1422359,-0.049814045,0.25837937,-0.027579814,-0.26156315,0.21783715,-0.16726443,-0.14254946,0.09000656,0.12724279,-0.15089414,0.026753575,0.06420338,-0.121334136,0.048516855,-0.16876754,-0.05837314,-0.11520518,0.02946943,0.14934626,-0.058326557,0.053192586,0.009485826,0.02824527,-0.012047008,0.03444674,-0.030799557,-0.069015995,-0.053952668,0.05575555,0.02364339,-0.07720388,0.013692841,-0.036005415,0.42760223
-0.36404294,-0.57194436,0.07114947,-0.37147593,-0.16360345,0.33256102,-0.3455662,0.06210804,0.2575045,-0.30992198,0.22593096,0.15803036,-0.16987902,0.18298197,0.13718808,0.13862088,0.3039915,0.0055285394,-0.06815986,-0.23417939,-0.27329242,-0.21968909,-0.009016067,0.1568298,-0.0920869,-0.20820098,0.050357476,-0.1896704,-0.1958348,0.0258452,-0.18238838,0.05837655,-0.1680129,0.014482796,0.095592484,-0.14564158,0.04430741,0.12531072,0.08594309,-0.019758992,0.029485524,-0.058616154,-0.049097568,-0.07439287,-0.041173495,0.0632273,0.07841873,-0.028190129,0.030285053,-0.022328194,0.32147288
-0.09669331,-0.13388517,-0.10190025,-0.2794779,-0.123203546,0.27854645,-0.19909608,0.06807047,0.16538057,0.017192572,-0.24507104,0.43981472,-0.14121133,-0.116012216,-0.32662073,-0.16097587,9.662211E-4,-0.19894005,0.16075432,0.19509208,-0.24584055,0.2457315,0.23286286,-0.2743003,0.22180444,0.010732889,0.067330614,-0.158487,0.17590198,0.06557661,-0.20432979,-0.06442782,0.020977348,-0.025053784,-0.158941,4.6388805E-4,0.11630602,-0.027280137,0.10106537,-0.0134700835,0.11318408,-0.092957124,-0.009322576,0.012532078,0.06828034,-0.028977055,-0.070455134,-0.02460292,-0.03846065,-0.06735685,0.29225424
0.23759532,0.27372628,-0.16186413,0.089989066,0.17410338,-0.099170595,0.14844838,0.051821887,0.40945294,-0.17863837,0.10093942,-0.037348807,-0.122397125,0.28873354,-0.18515204,0.22997242,-0.12702127,0.16260335,0.25157216,0.284366,-0.25488073,0.17243421,0.23143783,-0.25528154,-0.06283061,0.009016469,0.022831991,-0.20455284,-0.018752128,0.08440074,0.19185568,0.049847126,-0.1464337,0.1652027,0.053345293,0.03955692,-0.08945999,-0.026845396,0.061772004,-0.07614346,0.07372525,-0.08945141,0.021041274,-0.051927906,-0.04878786,0.037565745,-0.011685744,-0.0084885955,0.030871153,0.0016335025,-0.3049901
-0.57567954,0.5001328,-0.08066833,0.3812145,0.12511241,0.050965667,0.0098492205,-0.44355047,0.34600672,0.36729658,-0.4543677,0.31698254,0.34882656,0.20924085,0.18514618,0.20290351,0.3064311,-0.18350573,-0.16538146,0.1469323,-0.15510944,0.09327546,-0.08589579,-0.09162143,-0.21034595,0.06088002,-0.12139595,0.039592475,-0.012095526,0.018040806,0.15122493,-0.21912526,-0.1605386,-0.11011178,-0.045345515,-0.16228792,-0.095142625,-0.056071676,-0.018422134,0.06599818,0.10414609,0.010850109,0.0629241,-0.03668149,-0.004064113,0.017302819,-0.055654258,-0.07865177,0.0581424,-0.004937969,0.40838477
0.5166424,0.03858,-0.56258535,-0.12747145,4.492998E-4,-0.46820214,0.0479559,-6.753504E-4,0.38025162,-0.08153394,-0.39327258,-0.04430127,-0.23537502,0.3488372,-0.107958496,0.17783749,-0.13461986,0.2894183,0.28318903,0.29437482,0.05438152,-0.06463325,0.082697004,-0.13207841,-0.23280543,0.029918656,-0.016903356,0.009511262,0.07723436,-0.11466886,-0.15376705,-0.08772695,-0.06562869,0.098268986,0.0058101416,0.10964173,0.0790367,-0.071096666,-0.09727472,-0.10267813,-0.07622689,-0.08426583,0.014042534,-0.032741092,-0.064248644,-0.028163735,0.019144565,0.053064086,0.047013447,-0.039387103,0.5163188
-0.15303999,-0.07220334,0.07105166,0.43552375,0.17417043,0.4730513,0.17944053,0.16111642,0.21051523,0.20474112,-0.34673065,-0.059547246,0.38240877,-0.22162852,-0.16570939,0.048011154,-0.096648276,0.21656594,-0.2774697,0.30699235,-0.06195672,0.20893735,-0.113996804,0.12170938,-0.060645357,0.1896377,-0.09408383,0.24371612,0.037917256,-0.0559099,0.020292252,-0.017192751,0.1586796,0.12004489,-0.16651821,0.064807445,0.0940056,-0.005540639,-0.08581858,-0.086791776,0.039187804,0.115700774,-0.02630873,-0.055590298,-0.075703315,0.036840916,0.009226419,0.0124229565,-4.9695373E-6,1.7482787E-4,0.43163344
-0.36961412,0.49022162,0.25877756,0.5216165,0.075808465,-0.19818851,-0.3740812,-0.28939068,-0.23550594,-0.15244141,0.4526851,0.44908652,-0.14864305,-0.32336372,0.26502433,-0.12559575,0.15630445,-0.33153564,0.043441713,-0.14242893,-0.21782833,-0.07123691,0.18067399,0.04722762,0.21224529,-0.05644767,0.22941713,-0.009424806,0.15539637,-0.17364024,-0.1656641,0.15804404,0.051350474,-0.07803311,0.13033466,-0.049253583,-0.12501812,-0.097858965,-0.04578983,-0.09347528,0.044412017,-0.08154616,0.043659784,0.09659287,-0.058731873,-0.011244167,0.011383258,-0.081327245,-0.052401677,-0.008309271,-0.5541274
-0.2255857,-0.579535,-0.26632112,-0.26366377,0.3609888,0.178981,0.28605083,-0.20687431,0.30757448,-0.09073129,-0.3921632,-0.08475423,-0.09547171,-0.0870814,0.31780282,-0.22325501,-0.28149784,-0.072063655,-0.26903623,-0.1994965,-0.035538435,-0.14173026,0.006332904,-0.14801095,-0.05390881,0.01914166,-0.021815762,0.25336516,-0.14263684,-0.13852099,-0.058456466,-0.04001814,0.030940533,0.11125919,-0.0151554495,-1.9450486E-4,0.11836611,-0.10625945,-0.05315011,0.049895808,-0.12259924,-0.0970041,-0.04167521,-0.03879449,-0.009343624,0.0034937412,0.06921494,-0.0561669,0.035101607,-0.05424449,-0.53598565
0.40158993,0.32580882,-0.45956323,0.36021674,0.4999351,-0.25424162,-0.04764986,-0.29408035,0.19425783,-0.0077572465,-0.27365643,0.2978644,0.03908035,-0.28934163,0.025225848,0.09055889,0.26881808,-0.25846577,0.13903657,0.2917006,-0.14312503,-0.14227135,-0.03367266,0.15883759,0.04554972,0.07371463,0.20892675,-0.18282717,-0.2031139,-0.21242534,-0.07359867,0.20233363,-0.14644873,-0.09615381,-0.15245867,0.0075784326,-0.028581232,0.14482787,-0.07042542,-0.09959415,-0.118262365,0.016107805,-0.054583915,-0.0018372759,0.091041654,0.030119672,-0.0504425,0.007059172,0.03145325,-0.054498106,-0.46368977
-0.5063564,0.095208704,0.23310328,0.33216292,-0.49960414,-0.27831078,-0.34431183,-0.03207481,-0.30300245,-0.045466155,0.38913897,-0.09888801,-0.1841843,-0.31354767,0.1717923,0.3376621,-0.04823041,0.16866449,-0.13104437,-0.0043563247,0.039367676,-0.12536247,0.24903604,-0.20281234,-0.009432942,0.17712851,-0.17382576,0.08044508,-0.08694241,0.07164493,-0.19269647,0.16915205,-0.09615621,0.035835773,-0.11067057,0.11408812,0.10505302,-0.02558209,0.067146584,0.08288874,-0.092467725,0.047663383,-0.07029564,0.030154467,-0.08062695,-0.015532602,0.08108622,0.021092124,0.051380686,0.022344567,-0.6076783
-0.35249472,0.48690856,-0.33920604,-0.017620921,-0.45179462,-0.021718115,0.27590558,0.10290718,-0.31087634,0.43462193,0.20373544,-0.11301908,-0.1452561,-0.17465247,-0.044171005,-0.01373145,-0.23681289,0.04703474,-0.013719618,0.10327256,-0.20890203,-0.0499174,0.017882943,-0.08634691,-0.2345725,-0.11278504,0.07633664,0.05972171,-0.07527517,0.10601041,-0.16913041,-0.05417864,0.024466142,0.039818197,-0.1663671,0.038690686,-0.030532092,-0.13364391,-0.100728914,0.021628112,0.0642865,0.06935189,8.175224E-4,-0.018844545,-0.04286819,0.0111176,-0.029292017,0.027227588,0.058277436,0.062302604,-0.31038657
-0.0054451227,-0.58339053,0.080944836,0.37056398,0.010411799,0.15239555,-0.15674126,0.16204196,0.27547404,0.13212729,-0.2585145,-0.014008015,-0.24702331,-0.02808392,-0.11331135,-0.327987,0.31719166,0.16300777,-0.19827797,-0.22180012,-0.25233674,0.23819557,-0.13588549,-0.17071575,0.09570044,-0.14901379,-0.19470955,-0.015605882,0.11447781,-0.057758123,-0.06327692,0.19848043,-0.01626812,0.1388849,-0.08266355,-0.08524697,0.10985999,0.050502002,0.06943461,-0.0784458,0.051734433,-0.015903987,0.07390161,-0.088854045,0.06437968,0.049302995,0.058077022,0.0028851181,-0.0074426457,0.05282685,0.48231328
-0.2526429,-0.2248449,0.41269147,0.3899995,-0.49638036,-0.4865949,0.18643513,0.1717853,0.09582344,-0.15538332,-0.2457753,-0.19232765,0.24499735,-0.33026466,0.31845012,0.19651735,0.3025027,0.2144036,0.28273842,-0.0669304,0.2659329,-0.14510961,0.2522023,0.21314517,-0.019175619,-0.09283596,-0.10362905,0.10298562,0.066139966,-0.15279272,0.20688514,0.1801373,-0.1460107,0.0913955,-0.040645063,-0.15918282,0.014182791,-0.13852027,-0.053686794,-0.07688038,-0.09281178,-0.023308374,-0.07194486,-0.0024124458,0.06683399,-0.023942158,0.02237954,0.06423239,0.05885353,0.035313345,-0.52847576
0.5497679,-0.6281313,-0.3781379,0.26277852,0.1179679,-0.025087953,0.20240495,-0.4430802,0.003095597,0.17768013,-0.0066923797,0.44915888,-0.3396917,-0.26199213,-0.13947581,0.17748046,0.2883916,0.28563133,-0.10812765,-0.2515934,0.26930663,-0.14008592,-0.017269924,-0.14123122,-0.15700758,-0.17900382,0.17644237,0.1666716,0.002175197,0.17945898,0.039668664,-0.20064756,-0.03247547,0.05291277,0.045035765,0.05435905,-0.06456667,-0.05043581,-0.07849568,0.052632943,0.008224279,0.116892345,0.071075976,-0.02412644,0.049576655,-0.03350901,0.07221143,0.0861819,-0.028352357,-0.06471622,0.57347244
-0.2770613,0.06861067,0.06826568,-0.151012,-0.030464232,-0.48971647,0.41845635,-0.071608126,0.23325297,-0.088551134,-0.4040925,0.3808256,0.38966385,-0.17012754,-0.13632119,-0.19300188,0.31008887,-0.25787902,0.09326914,-0.17752282,0.0517326,-0.2013165,-0.14846864,0.0033044815,-0.07034838,0.018824056,0.02859272,-0.066213965,-0.11982618,0.15364438,0.18561368,-0.20014404,0.10783616,-0.028101325,0.0608515,0.04181981,0.12848328,0.10609865,-0.04308883,-0.08818075,-0.0618416,-0.10555762,-0.06897295,-0.027005829,-0.07924555,0.039023437,-0.04740676,0.09721892,-0.06463364,0.0037782341,-0.59229577
-0.17264307,-0.13367829,0.077181816,-0.2208525,0.27054286,0.28368187,-0.11822325,-0.1573258,0.10667929,-0.33899054,-0.38990346,0.24274924,-0.30086,0.032731086,-0.0959343,0.24857414,0.27022696,0.12117991,-0.05499509,0.13235334,-0.07524645,-0.0823956,-0.15749368,0.12714261,0.026964009,-0.18167548,-0.17051113,0.008832157,0.06688169,0.01243484,-0.11724752,0.10308477,0.051117107,0.03642407,-0.04682067,-0.10984381,0.10533978,-0.014170811,-0.056723833,0.06762487,-0.12173273,-0.018365398,0.047013156,-0.018456593,-0.09489982,-0.0029397905,-0.03145718,-0.033552624,0.01404725,-0.06440427,0.24703042
-0.066260815,0.4383464,0.29433346,-0.42605183,0.16272694,0.3454191,-0.13598934,-0.29282555,-0.20154858,-0.15666428,0.10111675,0.41888067,0.19627187,0.20815957,0.24813637,-0.16482317,0.07401067,0.28798196,0.017047912,0.15084255,0.21858436,-0.22329189,-0.17696297,0.23624504,-0.0994637,-0.009969801,0.03858055,0.18827847,-0.08309762,0.05189228,-0.03636925,-0.0067025423,0.16215459,-0.04427536,-0.03221588,0.0711804,0.07291955,0.0106236935,-0.09760621,-0.046037894,0.05155167,-0.061575696,-0.05057182,0.022557348,0.047261924,0.020653956,-0.072844245,-0.07125442,0.0044840127,0.009835221,-0.57440776
-0.49072737,0.06029433,0.05366397,-0.10108417,-0.43495798,0.2905203,0.2755833,0.19196063,0.36651704,0.16646373,0.15986106,0.41235903,0.31894162,0.053857237,0.02423048,0.18420684,0.3099209,-0.20754793,-0.25311464,0.30010945,0.22468165,0.11253476,-0.083869874,-0.07282987,0.121787965,-0.03710407,-0.022238627,-0.068328395,0.09169462,-0.18912886,0.09016742,0.16883254,-0.10756377,-0.11816373,0.058066845,-0.036920056,0.1508979,-0.062059864,0.00554955,0.011461027,0.057694063,0.050387956,-0.026894603,0.0051071197,-0.09185597,-0.027756933,-0.0017856583,-0.020485483,-0.03741096,0.05782938,-0.39523983
-0.28478926,0.16053236,0.33556932,0.44722712,-0.169198,0.35008514,0.14217964,-0.3396402,-0.11175457,0.11163515,-0.16548243,-0.020873755,-0.1077171,-0.04660943,0.019571573,0.33246845,0.12971345,0.065301,-0.117430225,-0.032532156,-0.24637625,0.21515548,-0.09339224,-0.0098749995,0.18484628,-0.20281,0.15508755,0.09145519,-0.007737905,-0.039211527,0.1004142,0.13522589,-0.16435944,0.15389001,0.13591813,0.17413911,0.054305166,0.056263044,0.076209635,0.03324087,-0.05674907,0.1069802,-0.035167053,-0.03623995,0.042729855,0.03707342,-0.06491638,0.08939267,0.06297011,-0.0037459657,-0.30098668
0.5461394,-0.056221128,0.11581069,0.032182574,0.2783723,-0.43412432,0.009794742,-0.048889637,0.20842269,0.059655964,0.059729427,0.052672476,-0.03657791,0.04985562,-0.11730783,0.19438487,0.30219585,-0.24780455,0.27221724,-0.14427875,-0.15717912,0.18828127,-0.16754247,0.19412395,-0.06405473,0.20633672,0.20841287,0.079981446,-0.15575255,-0.09710239,0.0696881,0.11585319,-0.061937675,-0.12550339,0.023856804,-0.1839114,0.094844,0.005259976,-0.07713173,0.07907866,0.07183486,-0.01367981,-0.029269587,-0.070664145,-0.035024304,0.054712906,0.0026066303,0.022489868,0.005553432,-0.051640097,-0.23956414
-0.5553652,-0.47889888,0.5445218,0.4888212,0.14801466,0.051109195,-0.15123463,0.17215687,-0.3446013,-0.42215055,-0.18833041,0.35393134,-0.16578972,0.26139116,0.08700618,0.086859494,0.2684393,0.07189837,-0.15465763,0.28691292,-0.21014127,-0.21449885,-0.23629044,-0.10118684,0.036373198,-0.008768067,-0.22505254,0.07956743,0.066498846,0.17648116,0.01895304,0.20175168,-0.08503313,-0.073198766,-0.12959956,-0.05528578,0.09407149,0.055775985,-0.049095284,0.09149037,-0.04227951,0.053539045,0.041775815,0.029717118,0.071879804,0.030220374,-0.08427903,0.08365797,-0.043232895,0.036148787,0.49686438
-0.11132145,0.5975194,0.52985775,-0.4282431,0.026301742,0.110789895,-0.16339138,-0.24479936,-0.17053203,-0.277547,-0.013225764,0.17037132,0.16735575,0.34783214,-0.15847369,0.3007779,-0.27471587,-0.012398511,0.012373179,-0.25114915,0.057038546,-0.08471128,-0.070610866,0.25458926,0.1506696,0.034886107,-0.22334863,0.10522181,-0.17078295,-0.14920744,-0.1840338,-0.2205291,-0.15782076,-0.11835659,-0.14094062,0.040359855,0.17356782,0.029299587,0.005351156,-0.10084997,0.048481137,0.03328512,0.05344473,-0.014327057,-0.093802616,-0.029059704,0.04172814,-0.06229881,0.044957615,-0.023164835,-0.6228748
0.336648,0.045777023,-0.3997705,-0.412002,-0.08182588,-0.23077053,-0.013688058,-0.36660445,0.19014332,0.031799316,0.14532366,-0.28203288,0.2699575,0.19194865,-0.0074689686,-0.19853522,-0.1638262,-0.1798281,0.12891605,-0.27871856,0.101629436,0.16718549,-0.15271536,-0.11185421,0.19190043,0.16007505,-0.12321753,0.14531809,-0.06490706,-0.03347282,-0.05295731,-0.17785093,-0.040095598,-0.17037769,0.0682928,-0.09523411,-0.024425983,0.01688531,0.09637222,0.014763787,0.048255205,-0.024407811,-0.006509453,0.09687328,0.040859863,0.019091576,-0.07965023,0.04950615,-0.055364713,0.0058995485,0.26354772
-0.2556349,0.5911068,-0.22525313,-0.38431975,0.5211112,-0.27185175,0.3029146,0.2358051,0.35503575,0.023337305,0.2776735,0.33028778,0.26788136,-0.36863777,-0.25960052,0.14190298,-0.27026922,-0.17838554,0.221638,0.13982823,-0.25118062,0.06407744,-0.24991317,0.076832086,-0.1971907,0.1204883,-0.11282243,0.0082831085,-0.092930846,-0.1233577,-0.005626306,0.12954137,0.04169312,0.18413705,-0.032708183,-0.04762031,0.055726454,-0.04790189,-0.027853154,0.026241153,-0.08981979,-0.035217404,0.074984506,-0.002375193,-0.021322578,0.021085635,0.030532055,-0.009789251,-0.0060773417,0.04061979,-0.5810605
-0.17033431,0.55805933,0.538936,-0.3561085,-0.113585025,-0.46967617,0.24111411,-0.18898982,0.26756135,0.15410644,-0.16726953,-0.32572538,0.32890037,-0.34104583,-0.11370906,-0.04499513,0.33055097,-0.17560923,0.038973033,0.15951288,0.14758655,-0.1354996,0.1526981,-0.033145368,0.11744389,-0.026509672,0.05308415,0.17855418,0.11275953,0.13672057,-0.17884651,0.13006338,0.03476256,-0.18145493,-0.02069135,-0.14166345,0.019121617,0.07478021,0.09304048,0.09850389,-0.05021973,0.057035528,-0.07480326,-0.011775352,-0.008993812,0.053979866,-0.007674508,0.02294337,0.028140761,-0.037170537,0.5145046
-0.13024506,-0.017656088,-0.15149117,0.48499137,0.38704014,0.0052292347,0.10374716,0.19792318,0.24229625,-0.25633243,-0.07287732,-0.28250456,0.10815969,0.36211377,0.15631542,-0.32773665,0.07235438,0.12835011,-0.27265325,0.14203018,-0.14242052,-0.22331199,0.05407408,-0.25124314,-0.20939155,-0.0781955,-0.021614939,0.10593599,0.15824547,0.11708778,-0.1778889,0.107081145,-0.07715643,0.06351867,-0.14526519,-0.11676747,0.04370883,-0.10114186,-0.08461015,0.027054906,-0.0068777725,0.039212115,2.7154386E-4,-0.09645659,-0.08495922,0.06850762,0.005606048,0.07287223,-0.05099704,-0.053453345,-0.27264068
-0.30279198,-0.13273653,0.14656377,-0.009920239,-0.25373507,0.44956756,0.14251432,0.1473999,-0.022669911,-0.015520453,-0.43849,0.38591644,0.16881624,-0.066011846,-0.1286479,-0.032057405,0.029856622,0.2516136,-0.21747753,-0.21530567,-0.04571581,-0.055169836,0.030271351,-0.14375867,0.24061921,0.05299844,-0.0029111803,-0.22530362,0.20282269,-0.2116373,0.13389222,0.1557253,-0.051306263,0.011111796,-0.150178,0.1382252,0.103018776,0.014477566,-0.037532054,-0.023992315,0.0033485591,-0.037122257,0.002086319,-0.057491828,0.07621464,0.04045903,0.04672888,-0.09582883,-0.024651181,0.011613779,0.2739014
-0.23706427,0.43090606,0.2471388,-0.057863593,-0.34373844,-0.13758695,0.28752312,0.17647856,-0.30576777,0.2953021,-0.30499923,0.23376688,-0.19604902,-0.34103993,-0.047313005,0.3118736,-0.28756535,0.21913657,-0.18072385,0.19579136,-0.22861588,-0.2451645,0.1981445,-0.13458373,0.0784919,-0.216683,0.10458858,0.13495144,0.043653697,0.03142169,-0.034236103,0.11874452,-0.060350828,-0.08861071,0.10993697,0.14441356,-0.08709112,0.10275152,0.041196316,-0.07443246,-0.07832247,-0.07750636,0.0722588,0.07985605,0.044947222,0.0143928155,0.08855604,0.03241826,0.06104923,0.044960648,0.5013213
0.33591175,-0.21025038,0.17505026,0.14489377,-0.507139,0.029690087,-0.18605551,-0.4185533,-0.29655725,0.07959634,0.25705364,-0.20474663,-0.21888313,-0.31443992,-0.007927775,-0.09300426,-0.03641942,0.18411323,-0.27390078,0.16413409,-0.021221131,0.11044249,0.05941832,0.14951599,-0.19442284,-0.1709578,0.051173374,-0.24228846,-0.11844058,0.15429568,0.091586545,0.22366205,0.13298568,-0.09253749,-0.11624707,0.17926928,-0.06730073,-0.042172983,-0.022279806,0.036785007,-0.0023585856,-0.03164649,-0.04124991,0.087517485,0.0039438754,-0.04787659,0.08291052,-0.02275557,0.055127732,0.036677748,-0.35281903
0.048160553,0.029264212,-0.04020387,0.39201796,0.33741522,0.4771809,-0.18397799,-0.12892613,0.32481775,-0.4018552,0.27845833,0.32923135,0.2835342,-0.32772362,-0.023053616,0.31290787,-0.22931534,-0.21674927,0.17345855,-0.24742009,-0.06885232,0.013242424,-0.2251063,-0.20819214,0.22133121,0.18450053,-0.062117606,-0.17164366,-0.1465711,-0.09792487,-0.116278544,0.05667147,0.07938933,-0.18706474,0.12544565,-0.13495308,-0.105839714,0.12829259,0.010994814,-0.058449697,-0.07381417,-0.05498886,0.05428253,0.05759597,0.033684194,0.016041853,-0.030014876,-0.049400374,-0.06360429,0.013213359,0.50019205
-0.11863211,-0.40443313,-0.10052669,0.37005657,-0.38083714,-0.023144156,-0.2733101,0.38044697,-0.2474983,-0.40265763,0.2744573,0.2653056,0.3147221,-0.22369863,-0.10325113,0.25003314,0.02541998,-0.114387065,-0.20598353,0.26396072,-0.13075428,0.07764068,-0.18194939,-0.0052959323,-0.103432536,-0.13026568,-0.1473242,-0.14819926,-0.18487109,-0.2300012,-0.1231511,-0.16284439,0.14441723,0.07551664,0.057711765,-0.05566843,-0.1682721,-0.033441275,0.013486415,0.0025439858,-0.023114905,0.105516024,0.036356047,0.03144823,0.012246646,-0.042289067,0.008129969,0.0043361112,0.04623229,0.004797548,0.37500006
0.3913799,-0.07779068,0.458084,-0.50058407,0.22468412,-0.20536861,-0.20320512,0.18557358,-0.102288544,0.256505,-0.424737,0.20363799,-0.13271165,-0.33291626,-0.032986403,0.111101,-0.017282784,-0.24686201,0.24923971,0.19189245,0.11150491,0.14410609,-0.09048584,0.26229358,0.16153151,0.065943524,0.11846505,-0.024834305,0.035254866,-0.114732996,-0.1747092,-0.08074641,-0.1640716,0.15811336,0.046165764,0.034845337,0.11263479,-0.058819547,0.069480285,0.07304649,-0.11563366,0.006587453,0.053149745,0.07824835,-0.0035168752,-0.0053824484,-0.07717615,-0.08438974,-0.034254253,-0.062986255,-0.5273328
-0.0897553,-0.582984,-0.5110267,-0.062303096,-0.35368404,-0.045220643,-0.2695852,0.099580884,-0.21656795,0.29043204,-0.29970568,0.0069931448,-0.043992758,0.16528475,-0.22758633,0.12617916,0.03320399,-0.118345425,0.07036257,-0.2922019,-0.044124484,0.08643684,-0.19907999,0.22254175,-0.059408173,-0.19325449,0.20884772,0.060160518,0.044469982,-0.033644497,-0.08666777,-0.069960445,0.114869356,-0.013096198,-0.016790003,-0.096487455,0.17069744,-0.005162224,-0.07124526,-0.009007081,-0.097491466,-0.09825319,-0.05569201,-0.0060974583,-0.0857431,0.0019196346,-0.087597676,-0.070383996,0.0057869256,-0.026661977,0.48803636
-0.31333378,0.22189474,0.33963305,0.3418588,0.23589891,0.05627948,-0.27209187,0.13646823,0.0048222244,-0.07629457,0.07242665,-0.0050329864,-0.38111675,-0.009093851,-0.18264745,0.09993175,-0.322511,0.2047256,-0.13303861,0.099555284,0.02958572,-0.22737588,-0.14630339,0.17086098,0.07560441,-0.12018357,-0.19293542,-0.2552459,-0.19273596,-0.011938006,-0.17629297,0.10255799,-0.019267932,0.15156013,-0.121225595,0.07850888,0.095768556,-0.020825371,0.0080084205,0.04500909,-0.010696158,-0.017034754,0.030764133,0.029139683,0.0848304,-0.069095984,-0.04606397,-0.08477478,-0.036396544,-0.0136268325,-0.6415322
0.09752542,0.1069361,0.17201287,0.031135261,0.52871436,0.24785334,0.2854059,-0.40716624,0.08178064,-0.013255507,-0.012319714,-0.36717188,-0.37846872,0.22816908,0.041574895,-0.24240558,0.32879174,0.26835278,0.09058586,-0.050543606,-0.24498962,0.057881325,0.01950863,0.05664736,-0.13706127,-0.012123734,0.15244545,0.07918471,0.045085967,0.16682112,-0.18329753,-0.084689334,0.078301,0.07363275,0.038432196,-0.17715381,-0.07548037,0.018215671,-0.04575722,0.09585409,-0.064085536,-0.07171059,-0.073969245,0.08737606,-0.034897886,0.041998163,0.05309902,-0.013265625,-0.02564057,0.05619529,-0.42806438
-0.3202623,0.44113374,0.11604774,0.4618889,-0.051899076,0.115186274,0.08704987,0.03712374,0.093281895,0.0047122836,-0.21429622,-0.20966023,-0.04778567,-0.0075470805,-0.2832989,0.28867465,0.24464959,-0.16261704,0.16979894,-0.084187046,-0.107426554,-0.051431328,0.09553754,-0.010564446,0.19883546,0.039776042,0.19569935,0.22054186,0.003379479,0.12470269,0.07917242,0.17715138,-0.012929171,-0.18197817,-0.046734072,-3.6805868E-6,-0.046865553,0.02219136,0.07729593,-0.031735964,-0.11684172,0.109369986,0.046435833,-0.033437952,-0.042206287,0.05467066,0.05120994,0.0045714006,0.060321398,4.7299266E-4,-0.35900453
0.54706043,0.009596109,-0.44288337,0.16422379,0.1712321,0.42384428,0.23022994,0.069025934,-0.14853597,-0.26857305,0.44751814,-0.46666035,-0.07437149,0.115627974,0.20020315,-0.13717361,0.058666855,0.29416642,0.16053551,0.2727732,-0.26481774,-0.17945735,-0.1282877,0.2255292,0.08383906,-0.17689341,0.049120232,-0.13026072,0.08659142,0.1589145,-0.0033540875,-0.10181552,0.15163296,0.11166531,0.09312196,-0.1306754,0.031152189,0.027362838,-0.08951607,-0.018261686,0.022991732,-0.01821576,0.026838996,-0.057078563,0.016249985,0.053777188,-0.055912815,-0.077870935,-0.018966947,0.048191875,0.6726455
-0.53495836,-0.5750441,-0.42802733,0.08483261,0.032554626,0.09988868,-0.12777802,-0.24526547,-0.20212674,-0.1713374,-0.20763868,-0.044790447,0.16774681,-0.30135185,0.18123987,-0.25867507,0.28012532,0.12860736,0.12703073,0.060319126,0.11730647,-0.090370804,0.058294833,-0.093193516,0.0823203,-0.055474922,-0.15294774,-0.08589046,-0.1382274,0.10930702,0.19611923,0.11421317,-0.16458662,0.16750962,0.06570996,0.18662483,0.082268074,-0.008089513,0.083780184,-0.059452128,-0.014732406,2.1971762E-4,-0.010417134,-0.002932325,-0.044780698,0.0060532764,-0.07672654,-0.08776971,0.03148351,0.04474294,0.39118353
-0.3416473,-0.5236661,-0.13806948,0.04599923,-0.415756,-0.19857866,0.22167334,0.13121206,-0.3455759,-0.40545493,0.07125643,0.35701534,0.08422035,-0.23380062,0.0033833385,-0.077423185,0.3024003,0.06234044,0.26094112,0.056197315,0.19547537,0.24589005,-0.09461792,-0.030561075,-0.005586669,-0.15828261,-0.03648515,-0.16623983,-0.15967116,-0.19566299,0.13538711,-0.0772858,0.15061691,-0.14698909,-0.1481625,0.17330304,0.03125979,0.003556773,-0.0025601387,-0.041095525,-0.016294755,-0.11160157,2.9344112E-4,0.075595304,0.017627701,-0.035673227,-0.011757128,-0.071242675,-1.9800663E-4,-0.031877797,0.6275887
0.5725067,-0.049570203,-0.4572448,-0.007297516,0.45807868,0.08066136,-0.20751002,-0.24816234,0.28755876,-0.09952322,-0.39538097,0.34042987,-0.23675177,0.27881438,-0.1084591,-0.16433574,-0.09113908,0.29349175,0.11118379,-0.26144993,-0.16105914,0.2690415,-0.10916224,-0.14566314,-0.091195375,0.03793992,-0.113251984,0.19960931,-0.009594396,-0.15689987,0.16989057,-0.1617572,-0.12149225,0.09258875,-0.0054466575,-0.016292617,-0.0018870682,-0.101917565,0.032751232,0.088331014,-0.119424164,-0.039140247,0.068127826,0.04836808,0.09130424,-0.037535697,-0.029622324,-0.08031212,-0.007014394,-0.025224883,0.36357972
0.18375242,0.29766995,0.19862342,0.33548188,0.10834521,-0.17014137,0.3416945,-0.064765066,-0.060369432,-0.43143442,0.29371318,0.18957505,-0.2216783,0.2910717,0.16971746,0.29627615,-0.075463176,-0.3227902,-0.10063973,0.20631868,-0.16513859,0.2623609,0.18783861,-0.16928896,-0.054927886,0.037429586,0.1820438,-0.057085395,0.06618413,0.02449882,0.0511062,0.14973551,-0.117108196,-0.165343,0.07337426,-0.034028873,-0.15764038,-0.14824927,0.062158763,-0.06271304,-0.022309937,-0.029563002,-0.06873793,-0.014150523,-0.084883675,-0.052023828,-0.0058268234,0.041840993,0.0443042,-0.05354466,-0.27959737
-0.13365328,-0.410301,0.21086544,-0.23898119,-0.5274304,-0.03917277,-0.27407467,0.16902465,0.29174545,0.43396473,0.006548494,-0.23898058,-0.35617483,-0.26228362,0.090937704,0.019583225,0.036896676,-0.187192,-0.14396316,0.27672827,-0.2348507,-0.19224846,-0.18100813,-0.2129474,0.07537025,0.08868255,0.1905859,0.10741022,-0.19744004,-0.11902502,0.15647705,0.08502439,-0.007325679,0.05960056,-0.026938155,0.18657061,0.17380427,0.080002025,0.10481642,-0.07239328,0.12578894,0.07396216,0.043849967,0.07569252,-0.027194776,-0.0034681782,0.07229963,0.034909062,-0.06001838,-0.05298797,-0.38077635
-0.17894968,0.29167265,-0.19312668,0.0794726,0.10766977,0.34765083,0.14299968,0.12339157,0.22143295,-0.24717169,-0.11011955,0.11960676,-0.32273436,-0.3350791,0.28706667,0.07982528,-0.2575923,-0.26392826,0.11199507,-0.25088888,0.21326768,-0.12513463,0.1786125,-0.0049913824,-0.06303212,0.19741185,-0.09554362,-0.078796,-0.012697637,0.048918784,0.15807079,0.079468966,0.023780912,-0.022403046,-0.0027313232,0.021921068,-0.0029780418,0.12939233,0.052936956,0.09445427,-0.09639501,0.08823576,-0.012920909,0.06046608,0.02047623,-0.029988933,0.023425288,-0.006808527,0.035508998,-0.004999295,-0.5286666
-0.4126801,-0.07003105,0.058896005,0.16178936,-0.49520582,-0.4093168,-0.43805194,0.40836048,0.14169887,0.3275953,-0.059257507,0.076349646,0.13295832,-0.04117155,-0.25673002,0.057807386,-0.24518496,0.19031945,0.14938924,0.1908375,-0.081146225,0.23758528,-0.014682025,-0.061839536,0.032455474,-0.0546612,-0.050652713,0.24763626,0.116150975,-0.031985298,0.17808895,-0.16035086,-0.15514332,0.08930346,-0.049048193,0.037525088,-0.023362815,-0.13451406,-0.01854138,-0.09446862,0.054674,0.11834579,-0.016251814,-0.06735943,-0.024155833,-0.06044727,0.019416422,-0.03417062,-0.05027107,-0.005715646,0.37111726
0.14598024,-0.37354985,0.09927219,0.48504108,0.22894448,0.47808105,-0.048559785,0.03112343,0.34677216,-0.4239914,-0.19522387,0.086562306,-0.16266955,0.03645268,-0.3172357,0.2999258,-0.29134023,0.14803526,-0.053060323,0.09114921,0.10484004,0.029080838,0.04646632,0.26351047,0.13586736,0.14409773,-0.20014957,0.24333453,-0.068302974,0.14374718,0.008816376,-0.2235244,0.13318723,-0.101248175,-0.032013863,-0.03023538,5.785078E-4,-0.08399752,-0.09535037,0.021571562,-0.08007676,0.10065474,0.047663927,0.022440434,-0.021060646,9.436682E-4,-0.059875183,-0.001112394,-0.035324883,-0.01998273,-0.5706966
-0.4566673,0.015446007,0.44725978,-0.3499081,0.1723277,0.26419544,-0.056830287,0.029242307,-0.38647228,-0.16670123,-0.18702012,0.012561291,0.15516844,0.057656586,-0.056184202,-0.25058326,-0.05760476,0.19048485,0.16490716,0.017374218,-0.15527189,0.10122889,-0.0582854,-0.2669222,0.21895558,0.16390796,0.026589409,0.024000585,0.05210057,0.056778222,-0.17728648,0.02795574,-0.034774587,0.10682449,-0.07601273,0.049452096,0.03612134,-0.10775642,0.0060112774,-0.019186176,-4.979372E-4,0.056937642,0.01853031,-0.03844824,-0.018549904,-0.030089721,0.03229694,0.10834312,-0.04545683,-0.032582916,0.3167134
-0.5346938,0.55240583,0.067700446,-0.37437987,0.106689215,0.1174081,-0.17131552,-0.23897211,-0.12620875,-0.108516574,0.23818508,-0.2970624,-0.07917899,0.1947878,-0.07790974,0.3293618,-0.030176163,0.038818836,-0.1328093,0.022894263,0.17845744,-0.01868844,0.24479362,0.15005097,0.22108418,0.20489974,0.1610284,0.037356943,-0.16990119,0.11252329,0.16482441,0.18355715,0.04911676,-0.05406481,-0.11628105,0.10911083,-0.1576016,-0.12324963,0.09758122,-0.033363573,-0.12401102,0.031337805,-0.01502423,-0.07657964,0.006590791,0.06629173,0.0135924965,0.061276563,-0.02452498,-0.04999683,0.773903
0.15740645,0.29877895,0.3577062,-0.34525317,0.01685661,0.20040232,-0.41019708,0.3571502,0.31669328,0.40336716,-0.2479903,-0.13041544,0.22918698,-0.025091022,-0.1024358,0.095912695,0.31049412,0.19123408,0.19806546,0.13289103,0.10187906,0.07162842,-0.22404486,-0.24299902,-0.17839922,-0.0805452,0.12981321,-0.18452477,-0.118838,-0.22724472,-0.027623013,0.021501452,-0.15919195,-0.12644042,-0.078473195,-0.101874106,-0.073520675,0.049892977,-0.023125462,-0.040240496,0.06448357,0.09304177,-0.026599921,-0.07881836,0.027370341,-0.054674808,0.049147263,-0.0050896034,0.06717735,0.025212303,0.39029917
0.25185454,-0.1684877,-0.18256792,-0.21278265,-0.089479476,-0.4966058,-0.26827347,-0.011580199,-0.07168281,-0.40098593,0.3966131,-0.33523083,0.116031796,-0.061483026,-0.11916086,0.07250628,0.11815852,0.34299543,-0.2489549,0.29477406,-0.24219063,-0.15314208,0.2414178,0.10965136,-0.010260627,-0.17718174,-0.084611714,-0.15593415,-0.18826492,0.2194111,-0.07983801,-0.04028146,0.015909493,-0.1842385,0.06402342,-0.1520153,0.15699749,-0.1487003,-0.10062711,-0.04242424,-0.013366714,0.10437728,0.02999729,0.04426101,0.04763949,-0.053577125,-0.042135037,-0.10253605,0.06117951,-0.009842861,0.5556282
-0.47904867,-0.55461895,-0.1234746,0.017486393,0.12282461,-0.14077073,0.2622696,-0.41031474,0.17685935,0.43096858,-0.15328825,-0.2095213,0.21778092,0.25705278,-0.026247293,0.16113192,-0.11057153,-0.07976267,-0.25720093,9.1317296E-4,-0.24353218,-0.19282234,0.24521509,-0.06364164,-0.023177445,0.17589636,-0.14395593,0.21567908,-0.058459714,0.2230854,0.08839561,-0.061571375,0.0028086603,0.10353953,0.051524773,-0.10147081,-0.12674789,0.023773685,0.016907781,0.062634245,-0.03950888,0.076656885,0.051221192,-0.002234161,-0.0029525086,-0.068148114,-0.058093708,-0.059612688,-0.05226647,-0.034441948,0.6280047
